gRNA scaffold,gRNA scaffold sequence,polyT length,gRNA scaffold sequence length
SaCas9 scaffold 1,GTTTTAGTACTCTGGAAACAGAATCTACTAAAACAAGGCAAAATGCCGTGTTTATCTCGTCAACTTGTTGGCGAGATTTTTT,6,82
SaCas9 scaffold 2,GTTTTAGTACTCTGTAATGAAAATTACAGAATCTACTAAAACAAGGCAAAATGCCGTGTTTATCTCGTCAACTTGTTGGCGAGATTTTTT,6,90
SaCas9 scaffold 3,GTTTAAGTACTCTGGAAACAGAATCTACTTAAACAAGGCAAAATGCCGTGTTTATCTCGTCAACTTGTTGGCGAGATTTTTT,6,82
SaCas9 scaffold 4,GTTTAAGTACTCTGTAGAAATACAGAATCTACTTAAACAAGGCAAAATGCCGTGTTTATCTCGTCAACTTGTTGGCGAGATTTTTT,6,86
SaCas9 scaffold 5,GTTTAAGTACTCTGGAAACAGAATCTACTTAAACAAGGCAGGACTTCGGTCCTGCCGTGTTTATCTCGTCAACTTGTTGGCGAGATTTTTT,6,91
St1Cas9 scaffold 1,GTTTTTGTACTCTCAAGATTTAAGTAACTGTACAACGAAACTTACACAGTTACTTAAATCTTGCAGAAGCTACAAAGATAAGGCTTCATGCCGAAATCAACACCCTGTCATTTTATGGCAGGGTGTTTTTT,6,131
St1Cas9 scaffold 2,GTTTGTGTACTCTCAAGATTTAAGTAACTGTACAACGAAACTTACACAGTTACTTAAATCTTGCAGAAGCTACAAAGATAAGGCTTCATGCCGAAATCAACACCCTGTCATTTTATGGCAGGGTGTTTTTT,6,131
St1Cas9 scaffold 3,GTTTTTGTACTCTCAGAAATGCAGAAGCTACAAAGATAAGGCTTCATGCCGAAATCAACACCCTGTCATTTTATGGCAGGGTGTTTTTT,6,89
St1Cas9 scaffold 4,GTTTTTGTACTCTGAAAAGAAGCTACAAAGATAAGGCTTCATGCCGAAATCAACACCCTGTCATTTTATGGCAGGGTGTTTTTT,6,84
St1Cas9 scaffold 5,GTCTTTGTACTCTGGTACCAGAAGCTACAAAGATAAGGCTTCATGCCGAAATCAACACCCTGTCATTTTATGGCAGGGTGTTTTTT,6,86
NmCas9 scaffold 1,GTTGTAGCTCCCTTTCTCATTTCGGAAACGAAATGAGAACCGTTGCTACAATAAGGCCGTCTGAAAAGATGTGCCGCAACGCTCTGCCCCTTAAAGCTTCTGCTTTAAGGGGCATCGTTTATTTTTT,6,127
NmCas9 scaffold 2,GTTGTAGCTCCCTTTCTCGAAAGAGAACCGTTGCTACAATAAGGCCGTCTGAAAAGATGTGCCGCAACGCTCTGCCCCTTAAAGCTTCTGCTTTAACGGGCTTTTTT,6,107
NmCas9 scaffold 3,GTTGTAGCTCCCTTTCGAAAGAACCGTTGCTACAATAAGGCCGTCTGAAAAGATGTGCCGCAACGCTCTGCCCCTTAAAGCTTCTGCTTTAACGGGCTTTTTT,6,103
CjCas9 scaffold 1,GTTTTAGTCCCTGAAAAGGGACTAAAATAAAGAGTTTGCGGGACTCTGCGGGGTTACAATCCCCTAAAACCGCTTTTTT,6,79
CjCas9 scaffold 2,GTTTTAGTCCCTGAAGGGACTAAAATAAAGAGTTTGCGGGACTCTGCGGGGTTACAATCCCCTAAAACCGCTTTTTT,6,77
SpCas9 scaffold 1,GTTTTAGAGCTAGAAATAGCAAGTTAAAATAAGGCTAGTCCGTTATCAACTTGAAAAAGTGGCACCGAGTCGGTGCTTTTTT,6,82
SpCas9 scaffold 2,GTTTCAGAGCTATGCTGGAAACAGCATAGCAAGTTGAAATAAGGCTAGTCCGTTATCAACTTGAAAAAGTGGCACCGAGTCGGTGCTTTTTT,6,92
SpCas9 scaffold 1 (5T),GTTTTAGAGCTAGAAATAGCAAGTTAAAATAAGGCTAGTCCGTTATCAACTTGAAAAAGTGGCACCGAGTCGGTGCTTTTT,5,81
